{
  "accuracy": [
    0.6904889941215515,
    0.78125,
    0.8550958037376404,
    0.875,
    0.8979043364524841,
    0.875,
    0.9136664867401123,
    0.9375,
    0.9247716069221497,
    0.9375,
    0.9281747937202454,
    0.96875,
    0.9396381974220276,
    0.9375,
    0.9398173093795776,
    0.875,
    0.9450116157531738,
    1.0,
    0.9543256163597107,
    0.9375,
    0.9453698992729187,
    0.96875,
    0.9512806534767151,
    0.9375,
    0.9523553848266602,
    0.96875,
    0.9620276093482971,
    0.96875,
    0.9647142887115479,
    1.0,
    0.9641769528388977,
    1.0,
    0.9656099081039429,
    0.9375,
    0.9647142887115479,
    0.96875,
    0.9627440571784973,
    0.9375
  ],
  "loss": [
    0.8452048897743225,
    0.7961811423301697,
    0.4237094521522522,
    0.29417288303375244,
    0.31959429383277893,
    0.23072142899036407,
    0.2747088074684143,
    0.1812518686056137,
    0.2423979490995407,
    0.27584773302078247,
    0.22051486372947693,
    0.06248518079519272,
    0.19892677664756775,
    0.16880646347999573,
    0.1799573004245758,
    0.1964232623577118,
    0.18215548992156982,
    0.042189329862594604,
    0.15758846700191498,
    0.1713263988494873,
    0.17224940657615662,
    0.06799410283565521,
    0.15801459550857544,
    0.23053061962127686,
    0.15098842978477478,
    0.0970543622970581,
    0.1262812614440918,
    0.05483390390872955,
    0.12122995406389236,
    0.017250869423151016,
    0.11565042287111282,
    0.018503867089748383,
    0.1130666509270668,
    0.249947652220726,
    0.10799818485975266,
    0.10161253809928894,
    0.10919486731290817,
    0.09140082448720932
  ],
  "val_accuracy": [
    0.07870837301015854,
    0.07870837301015854,
    0.08879919350147247,
    0.09081735461950302,
    0.12411705404520035,
    0.12714429199695587,
    0.8890010118484497,
    0.8839555978775024,
    0.9737638831138611,
    0.9717457294464111,
    0.9626639485359192,
    0.9636730551719666,
    0.977800190448761,
    0.9788092970848083,
    0.975782036781311,
    0.975782036781311,
    0.9798183441162109,
    0.9808274507522583,
    0.9818365573883057,
    0.9818365573883057,
    0.9767911434173584,
    0.977800190448761,
    0.9818365573883057,
    0.9818365573883057,
    0.975782036781311,
    0.975782036781311,
    0.9818365573883057,
    0.9818365573883057,
    0.9828456044197083,
    0.9828456044197083,
    0.9808274507522583,
    0.9808274507522583,
    0.9808274507522583,
    0.9808274507522583,
    0.9838547110557556,
    0.9838547110557556,
    0.9838547110557556,
    0.9838547110557556
  ],
  "val_loss": [
    7.94340181350708,
    7.9572248458862305,
    8.734772682189941,
    8.669376373291016,
    5.030447483062744,
    5.00634241104126,
    0.3364488184452057,
    0.34150877594947815,
    0.09206423163414001,
    0.09101015329360962,
    0.13051573932170868,
    0.13103418052196503,
    0.08104098588228226,
    0.07809710502624512,
    0.07398070394992828,
    0.07614035159349442,
    0.07701475918292999,
    0.07804816961288452,
    0.06960359215736389,
    0.0694219321012497,
    0.07079611718654633,
    0.07064017653465271,
    0.07195288687944412,
    0.07297491282224655,
    0.08264652639627457,
    0.08248601853847504,
    0.065994493663311,
    0.06597390025854111,
    0.06912405788898468,
    0.06920928508043289,
    0.0698792114853859,
    0.06965380162000656,
    0.06995897740125656,
    0.06989772617816925,
    0.07080287486314774,
    0.0710703507065773,
    0.06766456365585327,
    0.06774754077196121
  ],
  "learning_rate": [
    0.0010000000474974513,
    0.0010000000474974513,
    0.0010000000474974513,
    0.0010000000474974513,
    0.0010000000474974513,
    0.0010000000474974513,
    0.0010000000474974513,
    0.0010000000474974513,
    0.0010000000474974513,
    0.0010000000474974513,
    0.0010000000474974513,
    0.0010000000474974513,
    0.0010000000474974513,
    0.0010000000474974513,
    0.0010000000474974513,
    0.0010000000474974513,
    0.0010000000474974513,
    0.0010000000474974513,
    0.0010000000474974513,
    0.0010000000474974513,
    0.0010000000474974513,
    0.0010000000474974513,
    0.0010000000474974513,
    0.0010000000474974513,
    0.0010000000474974513,
    0.0005000000237487257,
    0.0005000000237487257,
    0.0005000000237487257,
    0.0005000000237487257,
    0.0005000000237487257,
    0.0005000000237487257,
    0.0005000000237487257,
    0.0002500000118743628,
    0.0002500000118743628,
    0.0002500000118743628,
    0.0002500000118743628,
    0.0002500000118743628,
    0.0001250000059371814
  ]
}