{
  "accuracy": [
    0.42951011657714844,
    0.625,
    0.7412875294685364,
    0.8125,
    0.8100307583808899,
    0.84375,
    0.8431339859962463,
    0.71875,
    0.8650087118148804,
    0.8125,
    0.8761540651321411,
    0.9375,
    0.8851783871650696,
    0.96875,
    0.89524245262146,
    0.90625,
    0.90264493227005,
    0.84375,
    0.9082591533660889,
    0.875,
    0.9088413715362549,
    0.9375,
    0.9259752035140991,
    0.875,
    0.9325459599494934,
    0.96875,
    0.9370789527893066,
    0.9375,
    0.9368709921836853,
    0.96875,
    0.9437744617462158,
    0.96875,
    0.9463528394699097,
    0.90625,
    0.9475588202476501,
    1.0,
    0.9481410384178162,
    1.0,
    0.9498045444488525,
    0.90625,
    0.9541295766830444,
    0.9375,
    0.9518839120864868,
    0.96875,
    0.9535057544708252,
    0.875,
    0.9566664099693298,
    1.0,
    0.9562505483627319,
    0.96875,
    0.9572901725769043,
    0.9375
  ],
  "loss": [
    1.9421653747558594,
    1.0720256567001343,
    0.8377220034599304,
    0.7601351737976074,
    0.6089283227920532,
    0.7557978630065918,
    0.5139223337173462,
    0.7763090133666992,
    0.448839396238327,
    0.5563212633132935,
    0.4037173390388489,
    0.4847501516342163,
    0.3830362856388092,
    0.23882494866847992,
    0.3393152952194214,
    0.4365817904472351,
    0.3219812512397766,
    0.5170184969902039,
    0.2990679144859314,
    0.3461282253265381,
    0.3005520701408386,
    0.23324096202850342,
    0.24482648074626923,
    0.27649515867233276,
    0.22376179695129395,
    0.15765053033828735,
    0.21667854487895966,
    0.11449509859085083,
    0.21313542127609253,
    0.1450522392988205,
    0.18493437767028809,
    0.33961260318756104,
    0.182107612490654,
    0.23139646649360657,
    0.17208242416381836,
    0.042788296937942505,
    0.17133089900016785,
    0.042140744626522064,
    0.1677829921245575,
    0.2958552837371826,
    0.15564294159412384,
    0.16690216958522797,
    0.1612870991230011,
    0.05867036059498787,
    0.15478165447711945,
    0.38723570108413696,
    0.1458541601896286,
    0.051436908543109894,
    0.14483532309532166,
    0.09515010565519333,
    0.14515146613121033,
    0.21423089504241943
  ],
  "val_accuracy": [
    0.8211764693260193,
    0.8035294413566589,
    0.9334117770195007,
    0.9334117770195007,
    0.9268235564231873,
    0.9261176586151123,
    0.9555293917655945,
    0.955294132232666,
    0.9576470851898193,
    0.9585882425308228,
    0.9449411630630493,
    0.946117639541626,
    0.9604706168174744,
    0.9614117741584778,
    0.971294105052948,
    0.9715294241905212,
    0.9691764712333679,
    0.9687058925628662,
    0.9708235263824463,
    0.9701176285743713,
    0.9715294241905212,
    0.971294105052948,
    0.9790588021278381,
    0.9788235425949097,
    0.9818823337554932,
    0.9818823337554932,
    0.9821176528930664,
    0.9821176528930664,
    0.9769411683082581,
    0.9771764874458313,
    0.980470597743988,
    0.980470597743988,
    0.981176495552063,
    0.981176495552063,
    0.9847058653831482,
    0.9847058653831482,
    0.9844706058502197,
    0.9842352867126465,
    0.9844706058502197,
    0.9844706058502197,
    0.9847058653831482,
    0.9847058653831482,
    0.9832941293716431,
    0.9832941293716431,
    0.9849411845207214,
    0.9849411845207214,
    0.9854117631912231,
    0.9854117631912231,
    0.9842352867126465,
    0.9851764440536499,
    0.9847058653831482,
    0.9847058653831482
  ],
  "val_loss": [
    0.5591481924057007,
    0.5942075848579407,
    0.2342289239168167,
    0.23103390634059906,
    0.23350754380226135,
    0.23160988092422485,
    0.15392161905765533,
    0.15596091747283936,
    0.14298489689826965,
    0.13919244706630707,
    0.17324577271938324,
    0.17224259674549103,
    0.12672574818134308,
    0.12343939393758774,
    0.09360438585281372,
    0.0931796282529831,
    0.11051519960165024,
    0.11026076972484589,
    0.1093672588467598,
    0.11100240796804428,
    0.09829874336719513,
    0.09973633289337158,
    0.0734834223985672,
    0.07327798008918762,
    0.06555639207363129,
    0.06550829857587814,
    0.07155141234397888,
    0.07132431864738464,
    0.07675759494304657,
    0.07647161930799484,
    0.06781221926212311,
    0.06779786199331284,
    0.06600017845630646,
    0.06603977829217911,
    0.05863015726208687,
    0.05856294557452202,
    0.0613807737827301,
    0.06149337813258171,
    0.05963214114308357,
    0.059450775384902954,
    0.05667202174663544,
    0.05665326118469238,
    0.06115536764264107,
    0.061201099306344986,
    0.060105085372924805,
    0.06023438647389412,
    0.05764895677566528,
    0.0576297827064991,
    0.057263895869255066,
    0.057256028056144714,
    0.057179681956768036,
    0.05716148018836975
  ],
  "learning_rate": [
    0.0010000000474974513,
    0.0010000000474974513,
    0.0010000000474974513,
    0.0010000000474974513,
    0.0010000000474974513,
    0.0010000000474974513,
    0.0010000000474974513,
    0.0010000000474974513,
    0.0010000000474974513,
    0.0010000000474974513,
    0.0010000000474974513,
    0.0010000000474974513,
    0.0010000000474974513,
    0.0010000000474974513,
    0.0010000000474974513,
    0.0010000000474974513,
    0.0010000000474974513,
    0.0010000000474974513,
    0.0010000000474974513,
    0.0010000000474974513,
    0.0010000000474974513,
    0.0005000000237487257,
    0.0005000000237487257,
    0.0005000000237487257,
    0.0005000000237487257,
    0.0005000000237487257,
    0.0005000000237487257,
    0.0005000000237487257,
    0.0005000000237487257,
    0.0005000000237487257,
    0.0002500000118743628,
    0.0002500000118743628,
    0.0002500000118743628,
    0.0002500000118743628,
    0.0002500000118743628,
    0.0002500000118743628,
    0.0002500000118743628,
    0.0002500000118743628,
    0.0002500000118743628,
    0.0002500000118743628,
    0.0001250000059371814,
    0.0001250000059371814,
    0.0001250000059371814,
    0.0001250000059371814,
    0.0001250000059371814,
    0.0001250000059371814,
    6.25000029685907e-05,
    6.25000029685907e-05,
    6.25000029685907e-05,
    6.25000029685907e-05,
    6.25000029685907e-05,
    3.125000148429535e-05
  ]
}